id,employee,salary
52023020,Cailean,54915734
49954001,Cahya,82373435
75762467,Cadhla,94323540
49721138,Cage,22310700
65900001,Bao,14971950
98453428,Cailyn,80964946
8401555,Bansi,93878834
44745546,Cadmus,3598322
58286212,Caliana,31133081
50750337,Cailyn,53807737
88392907,Aideen,65627170
71153173,Callan,62657994
26487253,Alaric,31659649
57677051,Barbara,75229552
29383184,Alani,81310848
22903006,Baara,139340
79610356,Calista,88578927
71477491,Alastair,26497088
80535914,Alaric,9825025
6343349,Albion,59536891
93847074,Cairo,37210247
99765664,Caelan,92974298
87553434,Baina,23312582
26666469,Banji,11684279
94216735,Caius,81933518
82144098,Alayja,78833568
65139028,Albany,37265301
84185610,Caelan,69582604
14467695,Caitlin,92007643
12615354,Cailean,95544308
7945673,Aideen,33878990
12105037,Barak,37833892
12899533,Barend,94403111
43019460,Cain,31659649
24057301,Cage,13301725
60175110,Cailean,59045155
32847486,Adelle,95681474
6586516,Baby,25733971
28554096,California,81310848
63652559,Caledon,68401423
42671898,Calida,6340377
25387292,Adler,14857971
56522802,Barbra,90133522
32701813,Alaric,2980750
92478705,Cabernet,82714164
68283911,Bambina,24799171
27104735,Ainslie,69557090
34993683,Albion,62470090
17700126,Barbara,9839141
32535705,Cadewyn,29299222
2977642,Akikta,5327939
15058,Cahya,49220651
28315519,Ady,94541026
30716575,Cais,22092285
87695977,Aisling,31133081
35396563,Bach,21894589
89314057,Agustina,49220651
452891,Barack,88647708
57433740,Caesarea,85207847
47234328,Banner,22092285
20775849,Aidric,26583229
93176969,Cadhla,54915734
72597431,Caelan,32305936
2186939,Caley,71420387
93334191,Aderes,2668279
82753945,Abrianna,98898930
26765238,Adriaan,24852111
70810078,Cadewyn,6641969
66552750,Admetus,63635269
47349584,Alayja,24799171
3308579,Bane,11737925
22875031,Adalia,94541026
81686687,California,65627170
66739327,Alani,42291232
28234215,Cain,44031297
39045433,Bao,35452230
23710880,Cabernet,44851097
90433487,Alannis,20187657
53507875,Caesar,53122480
63778347,Baldasarre,23504652
42453793,Bambi,94505538
54524335,Alani,45436749
95896629,Adrina,19996257
77661064,Barak,13614017
37295924,Cadhla,2668279
12032889,Banks,15935156
72945758,Aero,80231958
43085492,Bambi,10327118
55113512,Caleb,47268218
96643760,Adrianne,68401423
93591781,Ahava,87442311
986727,Baraz,53875075
35108789,Bae,41306339
88497243,Abilene,31663363
60511926,Akela,71929376
84372106,Baba,97104496
99796639,Abrielle,35671217
23157054,Adelyn,79203684
99343707,Cala,32305936
69672963,Caitir,78833568
73962861,Bardia,2668279
57055074,Balin,17724269
87634384,Adoniah,74562053
10121001,Alaric,33499091
35093401,Cal,31721110
81029019,Cadenza,95681474
45050081,Callahan,4668658
97529652,Bach,26836620
15616972,Cady,37366154
14530868,Baara,53867180
39017340,Adelyn,66319587
76568432,Baker,32818435
57624775,Cairo,36207432
8085809,Abdiel,37265301
11595375,Callan,73838453
52787190,Akikta,90016767
1279297,Aila,26955238
51902847,Caimbrie,94403111
66287447,Albany,29761026
58750,Cait,28485341
29557348,Akikta,70302454
44541428,Caimbrie,82234264
10235497,Baldasarre,74890465
2979934,Calgary,63303939
9748401,Adriaan,19278055
91457713,Barb,75227933
40569651,Calantha,52196786
59773722,Banjo,53103266
91630670,Bardolph,14681629
8874565,Baina,83941497
35153786,Cadence,17724269
20661464,Cagney,63640462
95718234,Babette,68628731
62194045,Baba,69582604
61394210,Caesarea,29299222
95105025,Baqer,527518
26312046,Cain,44709212
79270137,Calhoun,88578927
13427466,Balin,88041451
31482272,Cadhla,21299995
78100152,Banks,40279585
54412621,Callahan,24247935
47508675,Baqir,27691494
29469780,Alaric,99709194
75308969,Baldwin,11684279
8256059,Adaya,96416549
25622852,Adria,9825025
31596729,Baden,4265911
61654833,Baird,38797603
28929871,Acelynn,14971950
20782399,Bahari,99738954
71723667,Addie,99709194
27380026,Adagio,82092643
11773057,Calanthe,87442311
80584856,Callia,37673903
80879054,Cala,13901067
79743553,Bandele,9825025
19136741,Barak,68607199
49389384,Adair,27545961
20486401,Caledon,65152103
72848189,Abdiel,86284489
41489540,Baldasarre,31350586
62584515,Callia,24777340
84723833,Badu,92974298
90053071,Barb,32258034
27318554,Cailyn,91520393
29716927,Baqir,11737925
65541628,Caia,23911889
80810414,Baha,63303939
97044730,Calista,37265301
25914918,Aira,87872756
41125942,Bardolph,14857971
81032775,Baird,93878834
90021432,Abilene,50059782
87263007,Baba,3860573
41395845,Bambina,98898930
21945943,Aero,58969355
73979807,Baqer,2213661
73389881,Cailean,82092643
83501436,Calanthe,978413
52319328,Ailani,2980750
7511651,Agoyoanye,88472469
42067350,Caldwell,98803712
93403286,Ainslie,95544308
88322933,Aerilyn,47605016
84906122,Babette,14857971
63297748,Banjo,14857971
43144911,Caley,95238833
451970,Adelle,51647643
17953526,Calantha,10130200
41452712,Badr,53582539
81081649,Barclay,37210247
47175897,Baqir,28171712
27691111,Cadhla,84298747
44042159,Balin,15981169
69968572,Adelie,61769159
40138818,Adagio,8908805
86351187,Cahya,14655708
1139162,Alayja,79614118
56463411,Albany,25795867
31662132,Ballari,65627170
40473926,Cailean,15981169
73831527,Caia,36643075
25878788,Aislin,10130200
40229677,Adria,92164099
83906048,Alaric,28705071
20401126,Adria,26497088
46867807,Baka,3598322
27365700,Caley,31938642
54455148,Balint,26497088
69762427,Banagher,88355563
99399530,Baker,13553382
78013368,Cali,86457220
52230152,Caimbrie,31110083
94499752,Baldwin,74890465
77511855,Ailill,34113139
24036946,Caia,72873058
31883433,Baka,62657994
49875296,Ady,98898930
82163077,Caitlin,94323540
53578057,Cadhla,26849921
97882172,Cable,53103266
45639214,Banks,14719619
42540444,Airlie,26451640
29431702,Baqir,31350586
77821545,Ailani,36207432
10365665,Baines,40837547
87895374,Akikta,15981169
67553005,Caden,95238833
41639496,Cadewyn,94541026
93982402,Cain,57903445
86669769,Caitlin,66319587
50695126,Barclay,87797071
11915561,Addy,50781804
99318761,Calico,66201816
24401407,Adie,816069
69115986,Adair,62275329
34939677,Balthazar,29526295
54475522,Bardia,92870683
34010222,Adalynn,56041201
25061075,Aideen,2326156
31742991,Badru,83941497
57379291,Badru,83174516
39070275,Bambina,78806038
10486460,Banji,12861837
24827950,Baqir,44851097
98388580,Adair,62206339
55702479,Cairo,29764009
45261796,Cairo,82830548
87348786,Calida,47702728
43194322,Cairo,77423930
94157211,Barbie,32609129
52067417,Calais,35116059
47980221,Caesar,64300764
49318186,Cala,75813563
48245322,Calhoun,19996257
52243241,Baraz,67002756
72196206,Alastair,88041451
12373650,Ainslie,1200442
93137435,Alain,71929376
62695942,Baha,63303939
46126257,Ailill,29761026
46364044,Barke,35452230
63654431,Baden,59829013
18191430,Cadee,98631746
84167177,Cairbre,34113139
67799784,Cabernet,63635269
86781358,Achilles,98898930
44704692,Bach,20187657
66429758,Bambi,58969355
16028488,Banyan,11684279
15301655,Aidric,78395011
30496620,Adalira,13553382
19117446,Airlie,73705879
53864530,Calandra,9839141
2261109,Aikaterini,77938730
48243249,Callan,44635799
39473423,Calix,23380882
23201878,Cait,28838274
21572537,Aislin,42155798
65432382,Caius,63500628
50931010,Aidric,446437
8679056,Baki,77394051
57079323,Bandele,46519360
28286242,Cache,42993030
66255428,Aira,32973002
98924498,Alaric,13901067
13323830,Addy,82881657
95388206,Adalyn,2326156
73145868,Adabella,28325635
71987175,Adoniah,19278055
40901820,Adrina,15981169
89176615,Bane,14404277
65219804,Calico,96323182
35924125,Calla,10120390
38551595,Cali,87872756
22084874,Banji,1407747
4308241,Barid,53790237
63813101,Aine,93878834
83052638,Caitlyn,71862070
64106692,Callie,37686279
54162727,Bao,67843660
85830689,Cable,73277486
4323052,Barbara,53807737
73504423,Adelyn,22116561
33594960,Baines,84117922
13647135,Addie,16124501
63023542,Adelie,12861837
73936367,Cady,40837547
22628557,Cala,43620086
84661064,Cai,92974298
51191311,Adriaan,12822732
90768397,Bandele,16358149
10614891,Alaric,98803712
73624751,Banks,14404277
86443997,Ballard,34889267
6275860,Barbie,527518
76054242,Barbra,67843660
98625234,Caley,36643075
66413119,Adalira,82115869
46461159,Banagher,97614397
83950929,Bandit,8347585
12256121,Afton,57903445
25048253,Barke,37833892
76500257,Cais,26583229
92295268,Adriaan,29299222
46856916,Cadmus,41346760
76132285,Aj,49490303
4227925,Caimbrie,53338389
28559022,Caius,63316540
5226586,Aine,10111619
66308889,Adabella,97683462
76370402,Abrianna,92240356
21143763,Baker,26849921
90124019,Bardot,34718904
22404067,Caelan,65152103
81991579,Cala,7052113
19844720,Calico,80964946
20923565,Adriaan,16032408
93344969,Aidric,71198103
362700,Addy,82905964
53419946,Caley,35528304
28352231,Bai,63640462
19783118,Barbie,32609129
63005220,Aisling,33878990
56199482,Bane,1561826
48478430,Abrianna,9609341
58863058,Bagheera,46322367
68399045,Cable,6993933
66068937,Alayja,4331629
25657749,Caius,53660349
4234092,Abdiel,32609129
49673638,Ballard,46519360
65329458,Caleb,97048600
48782233,Calla,46322367
13338546,Ady,61769159
42868887,Aj,43620086
49113924,Baldasarre,91520393
8069755,Alastair,22116561
11349372,Barbara,23724236
53516611,Barack,27114950
46775161,Aikaterini,52546692
11420666,Barbara,11125110
22024422,Abiel,19853527
34159438,Callan,83941497
17991778,Calida,63316540
51714902,Cade,1407747
50776323,Aero,38797603
8935195,Cadewyn,50781804
54788179,Cade,9839141
24130614,Cahya,64956337
35594002,Calista,84793898
71055088,Barbara,73277486
70050836,Barb,79317354
44075729,Banner,32433282
73777412,Bambi,10084003
5112846,Banks,46519360
85315467,Bambi,23048163
78052696,Caesarea,59861576
28359677,Barke,63316540
79968580,Afton,65140190
54889452,Bane,86835632
32144790,Cahya,66201816
23286764,Caitlyn,49250627
76807017,Bagheera,22167770
68871861,Calixte,23970853
65886596,Cadhla,22629582
13022572,Cady,44076328
5185919,Barbod,92870683
49842068,Aidric,31108873
91115077,Adria,53660349
81469017,Bai,4443281
82437899,Alayja,42981863
71480274,Cade,72668893
8412377,Bambina,90210751
6477835,Callie,86062701
57997452,Aira,23190810
66342576,Admetus,27691494
81287222,Cadmus,14539069
57473987,Barbara,4443281
56003206,Bahari,26955238
49925641,Baina,75229552
35173728,Aderes,38797603
6272477,Barbra,8347585
92653241,Cady,72668893
48305470,Caley,27691494
37734835,Calida,13901067
31789544,Baki,81933518
48937255,Agustina,34718904
30468712,Banks,35788770
58155552,Agustina,85652561
88448564,Cael,82354943
24900007,Cadelaria,66440288
10937990,Barak,34718904
78147294,Adie,47511310
6899447,Aine,92974298
84608946,Balthazar,43127578
34190767,Adler,92007643
22790656,Callan,98631746
64456835,Baldasarre,53867180
49377581,Abiel,63303939
39972664,Bailey,6641969
61388565,Balin,83941497
36685620,Alastair,7283189
82602096,Adalynn,64956337
5613620,Adria,69582604
24348756,Ballard,23724236
36146662,Cairbre,98610132
1150013,Calista,59829013
41311651,Bambina,145215
79383029,Adriaan,23312582
42501810,Cagney,15614151
8991197,Bane,7283189
78525761,Adagio,84117922
60105488,Bardia,31721110
13876620,Barakat,7477151
8771054,Abrianna,92870683
88292627,Caius,82530486
46134783,Barack,15562024
38622870,Baines,53660349
96338656,Bardot,53807737
24590039,Baeddan,88041451
97112232,Cairbre,4443281
15684863,Cailean,90210751
86782481,Bardot,75229552
23778273,Ailani,12822732
74983591,Ailani,23911889
23006699,Cale,35788770
95562644,Cai,25144159
91812931,Calais,44076328
23257364,Adria,92240356
66553073,Bai,28750676
19189592,Badr,37265301
34799126,Caerwyn,31133081
49253165,Cage,13301725
48703865,Adair,57231943
55621935,Baqer,62794530
52359592,Calandra,10111619
38083679,Badu,44709212
79044077,Baara,25795867
99275722,Acelynn,37366154
19789149,Bach,75813563
689432,Airlie,19278055
6242572,Baqir,33323784
44751595,Aero,27114950
4020602,Agustina,37265301
69403787,Baker,92927672
85248240,Aero,38817704
55358224,Baldasarre,26583229
40322181,Ahava,19991672
30608109,Barbod,66606092
17912118,Cahya,60549787
59072588,Ballard,17724269
52223319,Barend,66606092
77634020,Calantha,80231958
44238737,Agustina,43127578
51354883,Adelle,83941497
5343617,Bardia,44851097
85560253,Bairn,32433282
16573875,Balin,16932702
17589809,Cadee,69399048
5609606,Calgary,53338389
21881933,Adriaan,97210877
64471764,Barak,35528304
66410105,Caimbrie,10084003
26022195,Banner,67843660
85499770,Bahari,75229552
92740553,Cale,21299995
56620669,Cais,8908805
3021545,Baines,85207847
97143902,Barke,30128329
3369351,Adymn,66440288
51941821,Akiva,98803712
63504494,Aj,4668658
42591742,Bade,60549787
18898026,Cain,81933518
95439383,Cactus,32973002
68146990,Baldasarre,6023259
43756535,Bambi,99709194
18999751,Callahan,33323784
