id,=,22903006
id,=,65139028
id,=,42671898
id,=,25387292
id,=,17700126
id,=,47234328
id,=,3308579
id,=,66739327
id,=,93591781
id,=,2979934
id,=,91630670
id,=,61394210
id,=,47508675
id,=,8256059
id,=,72848189
id,=,84723833
id,=,69968572
id,=,1139162
id,=,69762427
id,=,78013368
id,=,82163077
id,=,97882172
id,=,29431702
id,=,24401407
id,=,39070275
id,=,55702479
id,=,2261109
id,=,95388206
id,=,54162727
id,=,73624751
id,=,86443997
id,=,362700
id,=,48478430
id,=,65329458
id,=,11420666
id,=,49842068
id,=,71480274
id,=,56003206
id,=,34190767
id,=,22790656
id,=,36685620
id,=,24348756
id,=,60105488
id,=,38622870
id,=,86782481
id,=,19189592
id,=,85248240
id,=,55358224
id,=,59072588
id,=,51354883
id,=,85560253
id,=,92740553
